-- ==============================================
-- GotMeds — SQL seed для тестовой Supabase PostgreSQL базы
-- ==============================================
-- ВНИМАНИЕ: seed очищает тестовые таблицы перед вставкой данных.
-- Не запускайте этот файл на production-базе или на базе с нужными ручными данными.
-- Источник данных: утвержденный тестовый набор GotMeds
-- ==============================================

BEGIN;

TRUNCATE TABLE
    "pharmacy_reports",
    "search_logs",
    "unmapped_strings",
    "inventory",
    "product_aliases",
    "products",
    "pharmacies",
    "cities",
    "admins"
RESTART IDENTITY CASCADE;

INSERT INTO "admins" ("id", "email", "password_hash", "role")
VALUES (
    '40000000-0000-4000-8000-000000000001',
    'admin@gotmeds.local',
    '$2b$10$lvPO7cnouHuu3KTaD2aRBecd1PZGdMnvpbY6l3b.azjATJ8v1uMia',
    'SUPERADMIN'
);

INSERT INTO "cities" ("id", "name", "center_latitude", "center_longitude", "is_active")
VALUES (
    '00000000-0000-4000-8000-000000000001',
    'Гудермес',
    43.3517,
    46.1003,
    true
);

INSERT INTO "pharmacies" (
    "id",
    "city_id",
    "name",
    "address",
    "latitude",
    "longitude",
    "tier",
    "status",
    "phone",
    "whatsapp",
    "working_hours",
    "is_24_7"
)
VALUES
    (
        '10000000-0000-4000-8000-000000000001',
        '00000000-0000-4000-8000-000000000001',
        'Аптека у Базара',
        'ул. Кадырова, 15',
        43.3510,
        46.0980,
        'TIER_1',
        'ACTIVE',
        '+7 (928) 111-22-33',
        '+79281112233',
        '{"mon":"08:00-20:00","tue":"08:00-20:00","wed":"08:00-20:00","thu":"08:00-20:00","fri":"08:00-20:00","sat":"09:00-18:00","sun":"выходной"}'::jsonb,
        false
    ),
    (
        '10000000-0000-4000-8000-000000000002',
        '00000000-0000-4000-8000-000000000001',
        'Фармация Плюс',
        'пр. Исаева, 42',
        43.3530,
        46.1020,
        'TIER_2',
        'ACTIVE',
        '+7 (928) 444-55-66',
        '+79284445566',
        '{"mon":"08:00-21:00","tue":"08:00-21:00","wed":"08:00-21:00","thu":"08:00-21:00","fri":"08:00-21:00","sat":"09:00-20:00","sun":"10:00-18:00"}'::jsonb,
        false
    ),
    (
        '10000000-0000-4000-8000-000000000003',
        '00000000-0000-4000-8000-000000000001',
        'Аптека.ру (Гудермес)',
        'ул. Грозненская, 7',
        43.3525,
        46.1050,
        'TIER_3',
        'ACTIVE',
        '+7 (800) 777-88-99',
        NULL,
        '{"mon":"00:00-23:59","tue":"00:00-23:59","wed":"00:00-23:59","thu":"00:00-23:59","fri":"00:00-23:59","sat":"00:00-23:59","sun":"00:00-23:59"}'::jsonb,
        true
    );

INSERT INTO "products" (
    "id",
    "name",
    "category",
    "active_ingredient",
    "form",
    "dosage",
    "is_prescription",
    "is_social_risk",
    "price_estimate",
    "description"
)
VALUES
    ('20000000-0000-4000-8000-000000000001', 'Нурофен', 'MEDICINE', 'Ибупрофен', 'таблетки', '200мг', false, false, 250, 'Обезболивающее и жаропонижающее средство на основе ибупрофена.'),
    ('20000000-0000-4000-8000-000000000002', 'Аспирин', 'MEDICINE', 'Ацетилсалициловая кислота', 'таблетки', '500мг', false, false, 120, 'Противовоспалительное и жаропонижающее средство.'),
    ('20000000-0000-4000-8000-000000000003', 'Амоксициллин', 'MEDICINE', 'Амоксициллин', 'капсулы', '500мг', true, false, 180, 'Антибиотик широкого спектра действия из группы пенициллинов.'),
    ('20000000-0000-4000-8000-000000000004', 'Парацетамол', 'MEDICINE', 'Парацетамол', 'таблетки', '500мг', false, false, 50, 'Жаропонижающее и обезболивающее средство.'),
    ('20000000-0000-4000-8000-000000000005', 'Цитрамон П', 'MEDICINE', 'Кофеин + Парацетамол + Ацетилсалициловая кислота', 'таблетки', NULL, false, false, 70, 'Комбинированный анальгетик от головной боли.'),
    ('20000000-0000-4000-8000-000000000006', 'Лоперамид', 'MEDICINE', 'Лоперамид', 'капсулы', '2мг', false, false, 90, 'Противодиарейное средство.'),
    ('20000000-0000-4000-8000-000000000007', 'Омепразол', 'MEDICINE', 'Омепразол', 'капсулы', '20мг', false, false, 110, 'Средство для лечения язвенной болезни и гастрита.'),
    ('20000000-0000-4000-8000-000000000008', 'Диазепам', 'MEDICINE', 'Диазепам', 'таблетки', '5мг', true, true, 300, 'Транквилизатор бензодиазепинового ряда (строгий учёт).'),
    ('20000000-0000-4000-8000-000000000009', 'Супрастин', 'MEDICINE', 'Хлоропирамин', 'таблетки', '25мг', false, false, 200, 'Антигистаминный препарат от аллергии.'),
    ('20000000-0000-4000-8000-000000000010', 'Но-Шпа', 'MEDICINE', 'Дротаверин', 'таблетки', '40мг', false, false, 230, 'Спазмолитическое средство.'),
    ('20000000-0000-4000-8000-000000000011', 'Компливит', 'VITAMINS', NULL, 'таблетки', NULL, false, false, 350, 'Витаминно-минеральный комплекс для ежедневного приёма.'),
    ('20000000-0000-4000-8000-000000000012', 'Аквадетрим (Витамин D3)', 'VITAMINS', 'Колекальциферол', 'капли', '15000 МЕ/мл', false, false, 220, 'Водный раствор витамина D3 для профилактики рахита.'),
    ('20000000-0000-4000-8000-000000000013', 'Тонометр AND UA-888', 'EQUIPMENT', NULL, NULL, NULL, false, false, 2500, 'Автоматический тонометр для измерения артериального давления.'),
    ('20000000-0000-4000-8000-000000000014', 'Нурофен Детский', 'MOTHER_AND_BABY', 'Ибупрофен', 'суспензия', '100мг/5мл', false, false, 320, 'Жаропонижающее для детей от 3 месяцев.'),
    ('20000000-0000-4000-8000-000000000015', 'Эспумизан Бэби', 'MOTHER_AND_BABY', 'Симетикон', 'капли', '100мг/мл', false, false, 550, 'Средство от колик и вздутия у новорождённых.'),
    ('20000000-0000-4000-8000-000000000016', 'Дротаверин', 'MEDICINE', 'Дротаверин', 'таблетки', '40мг', false, false, 95, 'Спазмолитический препарат с тем же действующим веществом, что и Но-Шпа.');

INSERT INTO "product_aliases" ("id", "original_string", "product_id", "is_ignored")
VALUES
    ('30000000-0000-4000-8000-000000000001', 'Нуроф таб 200мг', '20000000-0000-4000-8000-000000000001', false),
    ('30000000-0000-4000-8000-000000000002', 'НУРОФЕН ТАБ.П/О 200МГ №20', '20000000-0000-4000-8000-000000000001', false),
    ('30000000-0000-4000-8000-000000000003', 'Аспирин табл 500', '20000000-0000-4000-8000-000000000002', false),
    ('30000000-0000-4000-8000-000000000004', 'Парацетамол тб 500мг', '20000000-0000-4000-8000-000000000004', false),
    ('30000000-0000-4000-8000-000000000005', 'ПАКЕТ ФАСОВОЧНЫЙ', NULL, true);

INSERT INTO "inventory" ("pharmacy_id", "product_id", "status", "price")
VALUES
    ('10000000-0000-4000-8000-000000000002', '20000000-0000-4000-8000-000000000001', 'IN_STOCK', 250),
    ('10000000-0000-4000-8000-000000000002', '20000000-0000-4000-8000-000000000002', 'IN_STOCK', 120),
    ('10000000-0000-4000-8000-000000000002', '20000000-0000-4000-8000-000000000004', 'IN_STOCK', 50),
    ('10000000-0000-4000-8000-000000000002', '20000000-0000-4000-8000-000000000005', 'IN_STOCK', 70),
    ('10000000-0000-4000-8000-000000000002', '20000000-0000-4000-8000-000000000006', 'IN_STOCK', 90),
    ('10000000-0000-4000-8000-000000000002', '20000000-0000-4000-8000-000000000009', 'IN_STOCK', 200),
    ('10000000-0000-4000-8000-000000000002', '20000000-0000-4000-8000-000000000010', 'IN_STOCK', 230),
    ('10000000-0000-4000-8000-000000000002', '20000000-0000-4000-8000-000000000011', 'IN_STOCK', 350),
    ('10000000-0000-4000-8000-000000000003', '20000000-0000-4000-8000-000000000001', 'IN_STOCK', 250),
    ('10000000-0000-4000-8000-000000000003', '20000000-0000-4000-8000-000000000002', 'IN_STOCK', 120),
    ('10000000-0000-4000-8000-000000000003', '20000000-0000-4000-8000-000000000003', 'IN_STOCK', 180),
    ('10000000-0000-4000-8000-000000000003', '20000000-0000-4000-8000-000000000004', 'IN_STOCK', 50),
    ('10000000-0000-4000-8000-000000000003', '20000000-0000-4000-8000-000000000005', 'IN_STOCK', 70),
    ('10000000-0000-4000-8000-000000000003', '20000000-0000-4000-8000-000000000006', 'IN_STOCK', 90),
    ('10000000-0000-4000-8000-000000000003', '20000000-0000-4000-8000-000000000007', 'IN_STOCK', 110),
    ('10000000-0000-4000-8000-000000000003', '20000000-0000-4000-8000-000000000009', 'IN_STOCK', 200),
    ('10000000-0000-4000-8000-000000000003', '20000000-0000-4000-8000-000000000010', 'IN_STOCK', 230),
    ('10000000-0000-4000-8000-000000000003', '20000000-0000-4000-8000-000000000011', 'IN_STOCK', 350),
    ('10000000-0000-4000-8000-000000000003', '20000000-0000-4000-8000-000000000012', 'IN_STOCK', 220),
    ('10000000-0000-4000-8000-000000000003', '20000000-0000-4000-8000-000000000013', 'IN_STOCK', 2500),
    ('10000000-0000-4000-8000-000000000002', '20000000-0000-4000-8000-000000000014', 'LIKELY_IN_STOCK', NULL),
    ('10000000-0000-4000-8000-000000000003', '20000000-0000-4000-8000-000000000015', 'LIKELY_IN_STOCK', 560),
    ('10000000-0000-4000-8000-000000000002', '20000000-0000-4000-8000-000000000016', 'IN_STOCK', 95),
    ('10000000-0000-4000-8000-000000000003', '20000000-0000-4000-8000-000000000016', 'IN_STOCK', 100);

COMMIT;
